id_contrato;data_aporte;valor_aporte
CT-0001-1;2024-04-29;67065,07
CT-0001-1;2024-08-01;88486,37
CT-0001-1;2025-04-16;83954,98
CT-0002-1;2024-01-24;164825,01
CT-0003-1;2026-07-24;468845,22
CT-0004-1;2026-02-16;10912,53
CT-0004-2;2026-07-23;14997,49
CT-0004-2;2025-05-26;13182,42
CT-0008-1;2024-05-04;11209,26
CT-0008-1;2022-07-01;38094,98
CT-0011-1;2022-12-12;1606988,16
CT-0014-1;2025-11-18;101185,15
CT-0014-1;2026-08-15;83492,87
CT-0014-1;2024-06-03;223029,95
CT-0016-2;2026-07-17;44597,53
CT-0018-1;2025-09-28;57266,02
CT-0018-2;2023-01-24;67776,92
CT-0024-1;2025-06-18;23685,99
CT-0024-1;2024-01-17;43354,29
CT-0024-1;2024-09-13;48870,0
CT-0025-2;2023-10-20;48232,4
CT-0025-2;2022-11-04;34959,14
CT-0025-2;2023-01-09;23896,13
CT-0027-1;2026-03-06;87845,39
CT-0027-1;2026-05-19;106932,13
CT-0027-1;2023-07-17;32541,25
CT-0027-2;2024-03-15;172039,13
CT-0027-2;2023-11-26;135640,41
CT-0028-1;2023-01-29;461732,48
CT-0035-1;2025-03-07;14134,58
CT-0035-1;2022-12-14;21943,17
CT-0035-1;2022-10-15;21951,79
CT-0036-1;2025-06-06;32789,98
CT-0037-2;2023-10-12;14669,33
CT-0039-1;2026-02-19;129535,78
CT-0039-1;2026-03-19;126469,4
CT-0039-1;2022-10-10;79735,82
CT-0040-1;2023-02-14;23301,39
CT-0041-1;2026-05-13;176601,48
CT-0042-1;2025-04-03;487765,95
CT-0043-1;2024-05-05;59399,54
CT-0043-1;2026-01-02;158466,4
CT-0043-2;2024-03-18;94332,01
CT-0043-2;2022-08-29;75185,23
CT-0047-1;2024-05-07;2966147,64
CT-0049-1;2023-09-30;15350,92
CT-0049-1;2024-01-10;5990,05
CT-0050-1;2024-05-29;24506,75
CT-0051-1;2026-08-23;232544,73
CT-0052-1;2025-07-16;24534,71
CT-0052-1;2024-11-16;27758,71
CT-0052-2;2023-10-17;156346,16
CT-0054-1;2023-01-04;27018,77
CT-0054-1;2024-05-25;24007,54
CT-0055-1;2024-06-21;54294,25
CT-0056-1;2025-03-26;48823,31
CT-0056-1;2025-08-07;22126,83
CT-0060-2;2024-07-04;137487,77
CT-0063-1;2026-07-15;32898,89
CT-0068-1;2025-01-14;359180,43
CT-0070-1;2023-05-29;28108,79
CT-0071-1;2025-10-11;40875,22
CT-0073-1;2024-07-30;23545,23
CT-0073-2;2025-09-03;19728,43
CT-0074-1;2023-03-07;79255,31
CT-0074-1;2024-06-13;42845,42
CT-0075-1;2025-02-12;29023,01
CT-0075-1;2024-12-16;62398,68
CT-0075-1;2024-09-06;104696,03
CT-0076-2;2023-11-15;89289,27
CT-0077-1;2023-07-27;48002,71
CT-0077-1;2023-10-21;37865,11
CT-0077-1;2022-08-22;59609,61
CT-0077-2;2025-09-18;62226,94
CT-0077-2;2023-06-15;110294,94
CT-0077-2;2022-06-24;149775,01
CT-0079-2;2023-05-23;35903,84
CT-0079-2;2024-08-08;51200,25
CT-0082-1;2023-03-02;37173,59
CT-0082-1;2024-11-06;48569,43
CT-0082-1;2023-06-15;61361,13
CT-0083-1;2026-03-25;45463,19
CT-0086-1;2023-11-10;73634,94
CT-0092-1;2024-07-24;11268,89
CT-0094-1;2023-12-01;37589,76
CT-0094-1;2026-08-24;111611,75
CT-0094-1;2025-04-28;104371,41
CT-0095-1;2026-06-18;40803,91
CT-0095-1;2026-07-07;28705,83
CT-0096-1;2025-05-05;1717289,58
CT-0096-1;2022-04-19;1310377,27
CT-0098-1;2024-11-09;2728376,76
CT-0102-1;2024-09-27;199657,38
CT-0102-1;2025-11-12;251931,23
CT-0102-1;2022-05-09;228793,02
CT-0106-1;2023-03-19;306985,04
CT-0106-2;2026-02-04;50957,28
CT-0106-2;2024-10-10;16404,03
CT-0108-1;2026-03-09;56500,5
CT-0108-1;2022-10-29;63635,98
CT-0108-1;2023-05-01;96136,62
CT-0108-2;2025-10-22;35122,04
CT-0108-2;2022-08-29;43597,5
CT-0108-2;2024-07-05;37354,6
CT-0111-1;2025-11-17;24065,65
CT-0111-2;2024-09-18;36898,35
CT-0112-1;2024-07-28;73955,56
CT-0112-1;2025-01-01;55702,65
CT-0112-1;2023-11-25;71400,71
CT-0113-1;2024-06-08;86883,01
CT-0113-1;2025-01-17;33054,14
CT-0113-2;2022-07-28;26861,05
CT-0113-2;2024-06-12;10956,47
CT-0114-1;2024-01-12;106548,31
CT-0115-1;2022-09-13;261978,88
CT-0115-1;2024-06-01;233426,19
CT-0116-1;2025-04-09;14790,85
CT-0116-1;2024-06-25;25915,53
CT-0116-1;2023-03-23;30853,44
CT-0117-1;2025-02-01;49698,96
CT-0122-1;2025-06-06;75669,89
CT-0122-1;2025-12-02;111194,98
CT-0122-2;2026-02-22;21058,05
CT-0122-2;2022-03-20;18745,89
CT-0122-2;2025-09-13;36959,96
CT-0123-1;2025-08-25;63100,69
CT-0124-1;2026-05-26;5728,21
CT-0124-1;2023-04-15;3559,98
CT-0124-1;2026-02-05;5682,54
CT-0124-2;2025-04-10;44968,61
CT-0125-1;2022-02-24;292554,73
CT-0126-1;2023-12-31;39247,83
CT-0126-1;2023-06-29;36241,89
CT-0126-1;2024-12-20;26786,5
CT-0128-1;2025-07-18;305299,77
CT-0133-1;2024-03-17;146636,63
CT-0133-1;2022-07-16;189081,82
CT-0133-1;2022-10-26;183240,83
CT-0140-2;2026-01-31;65787,45
CT-0140-2;2024-05-21;58904,48
CT-0140-2;2025-05-04;70186,28
CT-0143-1;2026-04-21;81624,34
CT-0143-1;2025-10-24;77342,67
CT-0143-1;2022-01-31;101350,94
CT-0144-1;2022-09-12;16188,23
CT-0145-1;2025-05-20;17133,5
CT-0145-1;2024-06-25;15436,71
CT-0148-2;2024-11-24;638745,04
CT-0149-1;2023-11-10;209854,44
CT-0152-1;2023-07-26;275728,93
CT-0152-1;2025-09-18;263423,77
CT-0154-1;2025-04-04;582879,44
CT-0155-2;2026-01-23;235403,79
CT-0157-1;2025-04-10;13324,78
CT-0157-1;2023-08-19;6985,14
CT-0157-1;2025-09-04;10322,98
CT-0158-1;2023-03-29;24513,71
CT-0162-1;2024-06-14;37918,33
CT-0162-1;2026-06-18;10992,38
CT-0162-1;2022-03-17;16552,35
CT-0162-2;2022-12-21;129006,14
CT-0162-2;2025-02-24;192073,62
CT-0162-2;2024-01-17;282752,94
CT-0167-1;2023-06-14;229690,59
CT-0167-1;2023-02-06;233330,01
CT-0168-1;2022-07-21;50277,2
CT-0170-1;2024-12-21;107401,42
CT-0170-1;2024-07-22;85777,61
CT-0170-1;2022-06-14;225898,78
CT-0171-1;2024-08-22;35465,75
CT-0172-1;2023-05-22;74426,16
CT-0172-2;2026-02-03;12684,91
CT-0173-1;2025-11-10;8390,33
CT-0173-1;2024-08-22;2744,86
CT-0175-2;2025-09-26;69654,61
CT-0175-2;2023-02-25;42229,38
CT-0176-1;2025-09-24;147442,72
CT-0176-2;2026-07-06;29115,13
CT-0180-1;2023-01-16;97992,17
CT-0180-1;2025-10-06;129957,73
CT-0182-1;2024-12-17;46515,17
CT-0182-1;2024-06-06;49936,1
CT-0182-1;2025-04-07;25672,22
CT-0183-1;2024-03-11;100713,62
CT-0183-1;2025-04-22;141256,72
CT-0183-1;2023-11-14;266771,38
CT-0184-1;2023-11-23;153146,66
CT-0184-1;2022-09-15;339622,7
CT-0190-1;2024-09-12;62656,54
CT-0190-1;2024-02-08;85251,11
CT-0190-1;2023-03-29;76344,15
CT-0191-1;2024-05-06;23070,99
CT-0191-1;2025-11-19;15603,9
CT-0197-1;2025-01-25;290816,17
CT-0197-1;2025-05-28;313187,09
CT-0197-1;2024-11-03;332113,11
CT-0199-1;2023-06-16;25747,06
CT-0199-1;2022-10-01;21830,6
CT-0199-1;2023-03-25;44790,25
CT-0200-1;2022-10-29;211798,03
CT-0200-1;2023-02-10;443569,62
CT-0204-1;2023-09-30;100248,4
CT-0204-1;2025-09-24;99492,55
CT-0205-1;2024-01-21;52036,91
CT-0205-1;2022-03-10;41282,19
CT-0206-1;2025-05-23;3827,97
CT-0206-1;2025-06-15;7201,53
CT-0208-1;2026-03-26;959546,93
CT-0208-1;2026-01-24;867763,58
CT-0208-1;2023-05-31;1187913,36
CT-0216-1;2024-08-26;134480,69
CT-0220-2;2023-12-30;3888043,88
CT-0220-2;2025-04-14;4205810,16
CT-0223-1;2022-09-20;179869,37
CT-0223-1;2023-05-09;178415,85
CT-0223-1;2024-07-01;50296,53
CT-0224-1;2024-06-24;348437,82
CT-0224-1;2022-12-18;500720,37
CT-0225-1;2023-03-26;25032,94
CT-0225-1;2025-04-17;46857,58
CT-0225-1;2025-11-04;76393,41
CT-0227-2;2025-06-07;14619,86
CT-0227-2;2025-12-14;10552,38
CT-0230-1;2025-12-30;165544,48
CT-0230-1;2023-01-01;118741,88
CT-0231-1;2022-09-09;1094181,06
CT-0231-1;2026-05-22;1132960,69
CT-0231-2;2022-05-10;1850701,37
CT-0231-2;2026-01-29;2144262,93
CT-0231-2;2026-06-24;1643679,6
CT-0232-1;2025-05-26;35818,59
CT-0236-1;2026-06-16;26804,52
CT-0237-1;2023-11-15;69498,08
CT-0237-1;2025-02-18;133775,87
CT-0237-1;2024-12-11;96741,64
CT-0238-1;2024-11-26;65571,42
CT-0238-1;2026-02-12;123343,01
CT-0239-1;2023-08-17;31910,96
CT-0242-1;2024-09-29;753681,56
CT-0242-1;2022-12-02;728120,08
CT-0244-2;2024-11-16;75522,69
CT-0244-2;2022-06-26;74603,81
CT-0244-2;2025-06-14;72436,86
CT-0246-1;2022-12-04;284059,52
CT-0249-1;2025-11-05;65105,52
CT-0249-1;2024-01-15;85202,56
CT-0249-1;2023-06-13;44114,94
CT-0254-1;2025-04-12;133241,68
CT-0254-1;2026-08-18;114173,51
CT-0259-1;2023-04-28;365033,8
CT-0259-1;2023-05-08;163090,7
CT-0259-1;2023-10-08;190549,79
CT-0260-1;2022-11-05;354900,36
CT-0260-2;2023-06-01;269003,75
CT-0260-2;2022-08-16;231931,81
CT-0261-1;2025-12-16;1217839,93
CT-0264-1;2023-11-25;112721,85
CT-0266-1;2026-02-28;237974,19
CT-0266-1;2025-10-08;73835,97
CT-0266-2;2024-01-02;8819,19
CT-0273-1;2023-02-28;172097,43
CT-0275-1;2026-02-08;44588,2
CT-0275-1;2024-11-02;60547,77
CT-0276-1;2024-09-17;6846,47
CT-0277-1;2024-02-23;20758,77
CT-0278-1;2025-03-17;48840,43
CT-0283-1;2024-12-06;43485,01
CT-0283-1;2022-10-24;34212,36
CT-0283-1;2022-04-17;97629,37
CT-0286-1;2025-05-18;27593,33
CT-0289-2;2024-09-07;103107,36
CT-0289-2;2025-04-29;44085,95
CT-0289-2;2024-08-25;71137,43
CT-0291-1;2023-07-19;76417,28
CT-0291-1;2023-05-23;49269,06
CT-0291-1;2023-06-03;76180,37
CT-0293-1;2026-01-12;43358,43
CT-0295-1;2023-07-01;126648,27
CT-0296-1;2026-07-09;33735,78
CT-0296-1;2025-04-03;29078,29
CT-0297-1;2025-06-23;185191,08
CT-0297-1;2025-05-24;169292,27
CT-0299-1;2024-09-04;286286,73
CT-0301-1;2022-10-10;29084,52
CT-0302-1;2025-09-26;1964697,24
CT-0306-2;2024-02-20;105978,38
CT-0306-2;2025-08-21;68791,73
CT-0306-2;2022-11-08;78907,39
CT-0309-1;2026-05-03;109676,13
CT-0311-1;2024-04-28;16569,77
CT-0311-1;2024-11-30;14263,31
CT-0311-1;2023-07-28;20609,3
CT-0315-1;2025-09-17;22475,73
CT-0318-1;2023-09-02;598603,14
CT-0318-1;2026-02-17;193569,79
CT-0318-2;2023-12-19;358294,23
CT-0321-1;2023-10-21;38516,0
CT-0321-1;2024-11-12;76674,12
CT-0322-1;2022-07-15;22663,96
CT-0322-2;2023-02-19;175990,61
CT-0322-2;2024-09-15;202551,51
CT-0322-2;2024-02-03;140432,05
CT-0325-1;2026-06-29;189795,54
CT-0325-1;2026-08-24;258059,26
CT-0327-1;2026-07-23;30013,96
CT-0329-1;2025-05-07;55921,59
CT-0329-2;2022-09-14;21264,91
CT-0329-2;2024-03-06;13266,97
CT-0329-2;2022-11-09;35670,23
CT-0331-1;2023-06-02;200052,59
CT-0331-1;2026-01-13;139267,3
CT-0331-1;2024-09-12;219944,52
CT-0334-1;2026-04-26;355671,98
CT-0336-1;2024-04-04;46868,49
CT-0337-1;2025-06-01;140922,51
CT-0343-2;2024-04-02;90114,78
CT-0344-1;2024-04-26;82560,22
CT-0345-1;2024-07-08;35664,83
CT-0346-1;2022-04-10;73256,56
CT-0346-1;2025-04-26;85145,43
CT-0346-1;2024-11-22;63445,9
CT-0347-1;2024-01-06;18147,0
CT-0347-2;2026-06-04;20601,3
CT-0348-1;2026-01-21;10505,86
CT-0350-2;2023-11-19;164824,25
CT-0359-1;2023-07-25;100400,55
CT-0359-1;2023-05-07;62033,64
CT-0359-1;2024-11-26;81634,58
CT-0360-1;2025-03-07;140593,45
CT-0361-1;2025-06-07;58833,0
CT-0365-1;2025-06-29;50757,41
CT-0369-1;2024-01-16;46468,81
CT-0373-1;2026-06-18;81165,72
CT-0375-1;2024-12-03;50840,57
CT-0378-1;2024-09-04;32108,89
CT-0379-2;2025-10-25;99947,37
CT-0380-2;2025-07-17;47499,86
CT-0380-2;2023-08-12;46908,25
CT-0380-2;2026-07-05;20132,23
CT-0384-1;2026-05-20;29886,44
CT-0384-1;2024-11-13;10283,46
CT-0384-1;2025-06-16;13939,28
CT-0386-1;2023-04-13;77043,01
CT-0387-1;2026-04-10;450537,91
CT-0389-1;2026-04-22;271726,76
CT-0390-1;2025-08-13;575460,79
CT-0393-2;2026-01-24;230835,24
CT-0397-2;2023-01-03;60715,94
CT-0397-2;2024-11-27;33692,18
CT-0397-2;2025-11-18;35081,12
CT-0398-1;2023-04-05;14220,79
CT-0398-1;2025-11-29;11833,93
CT-0399-2;2025-07-17;138058,15
CT-0399-2;2022-02-09;137671,62
CT-0399-2;2022-04-29;146839,21
CT-0400-1;2023-05-30;100964,15
CT-0402-1;2025-12-03;24300,25
CT-0402-1;2025-02-23;21500,94
CT-0404-1;2026-03-21;878643,94
CT-0404-1;2026-03-11;1225801,19
CT-0404-1;2026-02-16;1492234,5
CT-0410-2;2023-04-07;50769,03
CT-0414-2;2025-08-13;4877866,14
CT-0415-1;2023-02-21;13332,96
CT-0418-1;2025-01-27;520296,42
CT-0422-1;2026-02-25;82233,04
CT-0422-1;2025-04-12;101384,51
CT-0424-1;2025-06-10;188324,15
CT-0426-1;2024-04-13;22084,72
CT-0426-1;2023-12-24;10128,69
CT-0426-1;2023-11-30;19664,74
CT-0426-2;2024-01-08;40470,18
CT-0431-1;2024-01-31;82828,4
CT-0434-1;2026-01-19;106658,29
CT-0435-1;2023-03-14;87307,91
CT-0435-1;2024-09-19;128970,8
CT-0435-1;2026-06-13;98293,8
CT-0437-1;2024-09-11;34644,15
CT-0437-1;2023-02-16;32754,75
CT-0439-2;2023-08-02;8835,16
CT-0439-2;2023-06-29;14014,55
CT-0440-1;2025-06-11;558571,55
CT-0441-2;2024-02-20;26081,29
CT-0444-1;2023-08-10;160821,8
CT-0444-1;2023-08-11;77609,42
CT-0445-1;2023-02-28;12985,43
CT-0446-1;2024-09-13;94387,31
CT-0447-1;2023-05-31;7544697,9
CT-0447-1;2022-08-16;6992312,18
CT-0450-1;2025-11-03;14267,41
CT-0456-1;2023-10-21;2163690,16
CT-0456-1;2026-02-01;4229155,23
CT-0458-1;2026-08-26;30522,42
CT-0460-1;2025-07-02;134572,56
CT-0463-1;2024-04-04;52232,43
CT-0464-1;2026-04-03;41597,45
CT-0464-1;2024-12-30;45831,95
CT-0464-1;2023-07-19;28764,69
CT-0465-1;2026-02-27;71120,67
CT-0465-1;2024-09-11;58015,15
CT-0466-1;2022-07-15;110600,39
CT-0469-1;2023-10-08;64737,79
CT-0475-1;2026-01-15;42555,47
CT-0475-1;2023-03-24;69359,56
CT-0475-1;2026-04-11;39842,06
CT-0481-1;2023-06-02;37876,72
CT-0481-1;2023-06-05;26831,52
CT-0482-1;2025-01-30;201897,54
CT-0487-1;2025-03-22;6406,08
CT-0489-1;2025-02-21;89813,09
CT-0490-1;2023-11-09;69779,37
CT-0491-1;2024-07-18;59655,65
CT-0491-1;2023-11-16;32396,32
CT-0491-2;2025-01-28;220196,79
CT-0493-1;2025-09-27;19551,61
CT-0493-1;2025-03-03;7936,87
CT-0495-1;2025-10-23;25251,14
CT-0495-1;2023-02-01;20919,46
CT-0496-1;2024-04-22;262356,42
CT-0502-1;2025-11-07;51195,24
CT-0504-1;2024-04-20;88418,61
CT-0504-1;2025-06-04;117416,09
CT-0504-1;2024-09-07;63904,01
CT-0509-2;2022-05-13;10240,54
CT-0510-1;2023-06-29;26878,69
CT-0512-1;2026-06-19;37898,44
CT-0512-1;2024-12-16;14969,43
CT-0512-2;2022-09-05;30734,66
CT-0513-1;2025-10-12;5574840,76
CT-0513-1;2024-08-26;2072867,41
CT-0514-2;2025-09-28;177615,81
CT-0514-2;2023-03-28;131484,62
CT-0518-1;2026-06-26;7841,1
CT-0520-2;2024-05-21;28527,41
CT-0520-2;2023-02-28;32924,24
CT-0521-1;2025-02-21;61193,95
CT-0521-1;2025-06-21;88994,78
CT-0521-1;2022-06-08;92236,47
CT-0521-2;2022-12-22;59290,81
CT-0521-2;2026-05-17;90444,63
CT-0521-2;2022-11-27;35156,18
CT-0522-1;2023-08-23;37644,93
CT-0522-1;2023-11-09;16306,72
CT-0522-1;2024-06-12;32619,11
CT-0523-1;2025-05-30;12480,24
CT-0523-1;2022-04-01;7137,7
CT-0523-1;2024-06-21;15124,29
CT-0524-1;2024-06-12;277140,67
CT-0529-1;2023-08-30;51132,4
CT-0532-1;2025-04-13;59342,08
CT-0532-1;2024-09-04;47748,63
CT-0532-1;2022-06-11;48002,07
CT-0537-1;2023-06-09;154586,53
CT-0537-1;2025-06-28;134091,6
CT-0538-1;2022-08-17;53473,51
CT-0538-1;2024-08-28;76527,15
CT-0539-1;2025-07-25;55570,19
CT-0540-1;2023-09-16;371966,46
CT-0540-1;2026-01-12;255842,33
CT-0541-1;2025-08-23;432978,98
CT-0541-1;2024-02-08;817453,82
CT-0542-1;2026-02-06;33941,38
CT-0545-2;2026-04-17;46722,46
CT-0546-2;2024-12-04;32936,59
CT-0547-1;2026-01-20;13481,84
CT-0549-1;2025-09-11;102336,18
CT-0550-1;2026-03-03;318803,5
CT-0550-1;2022-06-05;471820,33
CT-0550-1;2026-07-26;224719,86
CT-0551-1;2023-08-09;10188,58
CT-0553-1;2026-06-15;158987,77
CT-0553-1;2023-09-25;355831,48
CT-0553-1;2025-06-08;98208,27
CT-0556-2;2025-12-23;353205,56
CT-0556-2;2022-07-17;184230,77
CT-0556-2;2023-10-15;536086,03
CT-0557-1;2022-07-05;44804,57
CT-0557-1;2025-11-13;47815,84
CT-0557-1;2023-12-01;47054,7
CT-0559-1;2026-07-31;1947397,73
CT-0559-1;2023-11-12;1671663,48
CT-0559-1;2023-04-15;2064969,41
CT-0559-2;2022-12-11;1214693,79
CT-0559-2;2024-06-25;547940,9
CT-0562-1;2022-05-21;226748,15
CT-0564-1;2025-09-16;32528,57
CT-0569-1;2025-09-26;89683,26
CT-0569-1;2024-11-05;139208,01
CT-0569-1;2025-12-22;125422,9
CT-0570-1;2023-06-25;6568,48
CT-0570-1;2025-08-02;5194,6
CT-0573-1;2022-10-30;137050,39
CT-0573-1;2022-06-25;134926,97
CT-0573-1;2022-10-13;159469,7
CT-0575-1;2026-04-23;9366,28
CT-0576-1;2022-08-25;43463,43
CT-0576-1;2022-03-15;54863,76
CT-0576-2;2025-07-17;83109,68
CT-0576-2;2026-02-12;41885,07
CT-0576-2;2026-02-24;32575,24
CT-0579-2;2025-01-21;80991,7
CT-0579-2;2023-08-17;45507,53
CT-0580-1;2024-11-10;25388,94
CT-0583-1;2024-12-27;43777,68
CT-0587-1;2026-02-28;525241,38
CT-0587-1;2025-03-27;261175,2
CT-0587-1;2022-09-22;198612,58
CT-0587-2;2026-04-07;301166,1
CT-0587-2;2025-07-02;392877,01
CT-0590-1;2025-07-16;99111,08
CT-0590-1;2024-01-31;50770,54
CT-0590-1;2022-06-12;99879,95
CT-0590-2;2025-12-25;115060,89
CT-0593-1;2024-07-23;13504,49
CT-0593-1;2025-10-16;23811,28
CT-0593-1;2023-10-20;12307,14
CT-0593-2;2025-02-07;84693,35
CT-0593-2;2024-04-14;90061,65
CT-0593-2;2023-07-07;87430,29
CT-0597-1;2022-08-12;395270,97
CT-0597-1;2023-09-28;250009,28
CT-0597-2;2025-03-18;288485,39
CT-0598-1;2026-07-05;61050,56
CT-0598-1;2023-02-14;67089,38
CT-0598-1;2023-03-01;54668,84
CT-0599-1;2023-05-08;33680,61
CT-0600-1;2026-07-06;807111,97
CT-0600-1;2022-12-08;381278,5
CT-0601-1;2023-11-30;57454,42
CT-0601-1;2025-04-27;81366,47
CT-0602-1;2022-12-29;120973,79
CT-0602-1;2023-11-18;199272,09
CT-0602-1;2023-10-02;66290,87
CT-0606-1;2025-04-20;51007,49
CT-0606-1;2026-03-20;37670,23
CT-0607-2;2026-01-02;12446,01
CT-0607-2;2022-12-02;6564,5
CT-0607-2;2025-08-23;14653,63
CT-0610-1;2023-07-07;64569,68
CT-0611-1;2025-02-08;248302,45
CT-0612-1;2024-10-24;49658,05
CT-0612-2;2024-12-24;175059,75
CT-0614-1;2026-01-29;50680,22
CT-0614-1;2023-10-01;21905,43
CT-0618-1;2023-10-11;22470,24
CT-0622-1;2022-02-02;50460,3
CT-0624-1;2022-11-26;22544,18
CT-0624-1;2024-10-08;43338,88
CT-0624-1;2024-04-10;34625,57
CT-0625-1;2025-07-11;24937,01
CT-0626-1;2024-02-19;451188,29
CT-0626-1;2024-12-14;346965,99
CT-0627-1;2023-06-13;72393,78
CT-0627-1;2022-12-27;43680,53
CT-0628-1;2023-08-20;20668,88
CT-0628-1;2023-09-01;31143,8
CT-0628-2;2023-03-16;25921,19
CT-0629-1;2023-01-20;46518,86
CT-0630-1;2024-12-03;120023,95
CT-0632-1;2023-07-23;99359,47
CT-0634-2;2024-07-11;592083,57
CT-0636-1;2022-07-31;44504,41
CT-0636-1;2024-04-03;58305,92
CT-0636-1;2025-09-26;75383,34
CT-0637-2;2025-05-10;12099,71
CT-0637-2;2025-04-24;12830,91
CT-0638-1;2023-09-20;22923,36
CT-0641-1;2025-04-03;175376,58
CT-0642-2;2026-04-06;2200237,47
CT-0642-2;2023-01-06;835547,76
CT-0642-2;2023-08-15;2383500,2
CT-0645-1;2023-12-03;24978,43
CT-0647-1;2024-01-04;119138,77
CT-0648-2;2022-11-11;8284,55
CT-0648-2;2024-10-07;8073,24
CT-0649-1;2026-03-16;201094,27
CT-0654-1;2024-02-22;13164,15
CT-0654-1;2026-04-03;5889,06
CT-0655-1;2022-04-23;144146,05
CT-0655-1;2023-07-16;180705,11
CT-0655-1;2024-11-09;137146,46
CT-0657-1;2024-05-31;97116,91
CT-0657-1;2023-09-09;145578,5
CT-0663-1;2023-10-22;1146284,41
CT-0663-2;2023-10-24;254110,63
CT-0663-2;2024-10-20;701034,4
CT-0664-1;2025-01-27;10152,97
CT-0669-1;2022-10-14;12968,55
CT-0669-1;2026-07-22;27857,5
CT-0671-1;2026-04-21;33979,6
CT-0671-1;2024-04-05;25334,84
CT-0673-1;2023-09-16;1577486,01
CT-0673-1;2024-05-22;1295268,12
CT-0673-2;2026-03-06;500909,28
CT-0673-2;2024-01-27;548704,77
CT-0673-2;2023-08-30;421362,16
CT-0676-1;2025-05-03;115048,35
CT-0676-1;2025-09-24;119719,06
CT-0676-2;2026-02-22;518949,09
CT-0676-2;2022-06-21;308339,98
CT-0676-2;2024-10-11;591986,09
CT-0677-1;2022-02-23;12347,65
CT-0678-1;2022-12-22;79437,25
CT-0678-1;2023-09-09;57106,09
CT-0678-1;2022-08-02;104254,33
CT-0680-1;2024-04-06;2462,79
CT-0680-1;2022-11-16;1399,7
CT-0680-1;2024-01-26;2596,52
CT-0680-2;2025-01-07;50963,43
CT-0680-2;2025-05-02;56745,53
CT-0680-2;2023-05-16;36798,86
CT-0684-1;2024-07-25;67311,93
CT-0684-1;2026-01-19;38984,3
CT-0686-1;2025-07-09;155907,2
CT-0686-1;2023-07-29;161909,83
CT-0686-1;2026-08-29;165468,77
CT-0687-1;2024-06-19;80853,01
CT-0688-2;2023-07-10;16436,04
CT-0689-1;2024-07-26;389778,62
CT-0693-1;2024-02-01;117591,94
CT-0693-1;2025-02-06;73165,95
CT-0693-1;2024-03-28;158103,77
CT-0693-2;2023-01-30;95168,62
CT-0694-1;2022-12-16;64099,75
CT-0694-1;2023-12-29;172941,26
CT-0694-1;2025-05-19;124046,0
CT-0696-1;2022-10-03;166885,31
CT-0696-1;2023-09-16;57671,61
CT-0696-1;2022-05-18;81250,06
CT-0698-1;2024-09-15;13529,01
CT-0699-1;2022-05-08;492818,43
CT-0699-1;2025-02-10;517817,28
CT-0699-1;2026-03-08;817178,79
CT-0700-2;2026-04-24;143612,22
CT-0700-2;2025-04-18;208778,26
CT-0700-2;2025-02-16;93517,65
CT-0703-1;2022-06-20;95363,88
CT-0703-1;2026-08-13;38309,31
CT-0707-1;2025-09-27;44390,88
CT-0707-2;2023-06-15;9571,11
CT-0710-1;2023-12-05;35233,92
CT-0710-1;2022-12-29;14740,2
CT-0712-1;2024-11-17;707838,19
CT-0712-1;2024-06-08;756117,91
CT-0712-1;2026-08-21;360684,82
CT-0713-1;2025-07-31;61196,95
CT-0716-1;2026-08-13;56197,65
CT-0716-1;2023-04-15;46715,63
CT-0716-1;2025-06-14;32935,42
CT-0716-2;2023-11-25;142795,07
CT-0717-1;2023-07-12;324957,33
CT-0718-1;2023-05-14;58141,09
CT-0719-1;2025-02-01;33128,21
CT-0719-1;2024-06-22;28817,4
CT-0719-2;2026-01-13;64255,57
CT-0721-1;2025-11-11;8168,92
CT-0721-1;2022-11-27;17789,05
CT-0723-1;2025-09-02;27292,93
CT-0723-2;2023-05-16;33807,1
CT-0726-1;2024-12-18;47210,46
CT-0726-1;2026-02-28;39416,62
CT-0726-1;2022-09-29;13543,5
CT-0729-1;2026-04-06;135734,72
CT-0729-1;2022-03-07;246882,94
CT-0730-1;2024-04-26;115144,61
CT-0730-1;2023-11-25;302252,88
CT-0731-1;2025-12-24;38980,26
CT-0732-2;2022-05-27;294629,52
CT-0733-1;2024-01-19;201186,08
CT-0734-1;2022-03-03;67865,7
CT-0734-1;2025-06-28;82180,06
CT-0734-2;2022-08-11;26764,11
CT-0734-2;2023-12-10;19421,69
CT-0734-2;2023-02-15;17033,2
CT-0735-1;2024-06-03;48806,43
CT-0735-1;2026-02-04;81759,29
CT-0735-2;2023-08-10;144482,56
CT-0735-2;2026-07-03;132392,46
CT-0736-2;2022-10-20;262785,59
CT-0738-1;2023-09-26;282069,91
CT-0738-1;2022-09-19;585063,52
CT-0738-1;2025-08-11;366867,62
CT-0739-1;2022-02-04;730397,02
CT-0739-1;2022-04-07;698767,93
CT-0740-1;2024-02-28;162982,47
CT-0740-1;2024-12-22;156554,04
CT-0740-1;2026-01-05;174665,37
CT-0741-1;2024-11-02;358077,97
CT-0742-1;2022-03-05;40997,81
CT-0742-1;2025-05-20;20415,06
CT-0744-1;2025-05-28;48384,92
CT-0744-1;2025-06-13;64025,16
CT-0744-1;2024-10-26;59326,74
CT-0749-1;2024-10-30;48468,28
CT-0750-1;2022-06-16;83925,31
CT-0753-1;2022-05-05;200894,61
CT-0753-1;2025-09-26;65043,44
CT-0755-1;2022-11-19;46301,84
CT-0756-2;2023-10-03;74162,15
CT-0760-1;2025-10-26;20679,16
CT-0760-1;2025-07-21;20822,95
CT-0760-1;2026-07-22;13362,35
CT-0761-1;2022-07-30;33681,12
CT-0761-2;2024-10-01;22319,47
CT-0766-1;2025-08-22;89397,04
CT-0768-2;2022-08-23;23461,06
CT-0768-2;2022-12-25;12206,91
CT-0768-2;2023-11-29;30005,97
CT-0769-1;2026-06-17;82224,68
CT-0770-1;2025-03-07;291668,35
CT-0774-2;2024-01-16;114831,15
CT-0775-1;2026-04-01;53585,35
CT-0775-1;2024-01-19;65946,94
CT-0779-1;2022-11-03;37412,02
CT-0782-1;2025-10-10;31510,07
CT-0785-1;2023-10-09;31605,72
CT-0785-2;2024-03-05;14361,44
CT-0786-1;2025-06-11;45380,83
CT-0786-1;2022-06-16;48752,5
CT-0786-1;2025-11-18;61508,92
CT-0787-1;2024-04-22;128491,94
CT-0787-1;2023-09-15;191282,0
CT-0787-1;2023-01-16;88124,83
CT-0788-1;2026-05-14;24502,5
CT-0789-1;2024-08-16;4142,15
CT-0789-1;2023-09-14;15022,27
CT-0789-1;2023-06-02;12014,96
CT-0791-1;2022-03-21;8592,78
CT-0792-1;2025-03-12;569506,68
CT-0792-1;2024-11-27;665765,93
CT-0792-1;2023-11-05;432314,94
CT-0794-1;2022-07-20;47018,45
CT-0796-1;2025-05-08;35947,07
CT-0796-2;2024-05-19;42701,68
CT-0796-2;2025-06-15;56019,0
CT-0798-1;2023-01-30;29013,79
CT-0799-1;2025-12-07;104782,01
CT-0799-1;2025-06-28;245005,67
CT-0800-1;2022-11-21;61514,04
CT-0800-1;2024-07-03;53101,23
CT-0800-2;2024-05-03;140324,82
CT-0801-1;2025-11-20;59649,03
CT-0801-1;2023-03-24;117757,46
CT-0801-1;2023-09-16;59776,55
CT-0804-1;2023-07-27;340189,64
CT-0807-2;2022-02-06;55672,85
CT-0809-1;2026-08-16;12119,07
CT-0809-1;2022-08-21;13892,3
CT-0811-1;2022-06-11;270822,79
CT-0811-1;2026-03-20;93303,02
CT-0811-1;2022-05-13;104521,63
CT-0812-1;2023-10-29;102402,01
CT-0814-1;2022-10-02;166865,5
CT-0814-1;2025-06-28;300287,25
CT-0814-2;2023-04-12;134611,34
CT-0814-2;2025-06-07;145822,65
CT-0815-1;2023-03-08;73916,24
CT-0815-1;2022-07-05;57216,29
CT-0815-1;2025-08-04;59687,48
CT-0817-1;2023-11-10;56595,98
CT-0817-1;2026-03-16;53033,94
CT-0817-1;2026-02-02;27022,29
CT-0821-1;2023-02-06;21045,61
CT-0821-2;2024-08-10;23668,76
CT-0821-2;2022-08-04;28426,01
CT-0825-1;2023-12-11;403633,29
CT-0833-1;2024-01-20;40079,64
CT-0836-1;2025-08-24;11271,34
CT-0837-1;2025-03-27;101779,02
CT-0840-1;2023-07-11;32765,92
CT-0846-1;2026-02-06;28844,57
CT-0846-1;2026-04-23;33668,25
CT-0848-1;2024-01-11;1777273,02
CT-0848-1;2024-03-01;1499023,99
CT-0852-1;2025-09-02;2311690,19
CT-0857-1;2024-08-14;16705,12
CT-0857-2;2026-03-26;17935,41
CT-0863-1;2023-08-07;33531,28
CT-0863-1;2025-01-10;40008,34
CT-0863-1;2026-04-09;17899,71
CT-0864-1;2023-11-26;29540,66
CT-0864-1;2024-06-28;95991,08
CT-0864-2;2023-06-30;11732,59
CT-0865-1;2023-06-26;24619,87
CT-0865-1;2026-04-21;19955,06
CT-0866-1;2025-01-21;924790,38
CT-0866-1;2024-04-14;826095,9
CT-0866-2;2025-07-31;605279,02
CT-0866-2;2026-01-20;730057,28
CT-0866-2;2024-09-08;855787,75
CT-0868-1;2026-07-06;29485,51
CT-0868-2;2023-05-30;151093,14
CT-0868-2;2026-01-11;98179,05
CT-0869-1;2024-04-19;36803,5
CT-0869-1;2026-03-27;38498,09
CT-0869-1;2023-09-05;47157,42
CT-0870-1;2025-02-14;17610,49
CT-0877-1;2026-05-28;11832,23
CT-0877-1;2022-09-06;13678,43
CT-0878-2;2024-05-17;16840,15
CT-0879-1;2024-07-23;21018,26
CT-0879-1;2025-06-17;40175,75
CT-0882-1;2022-07-25;23072,67
CT-0883-1;2024-03-07;37066,96
CT-0884-1;2026-03-27;98143,18
CT-0884-1;2023-08-14;68687,6
CT-0884-1;2024-04-22;74607,91
CT-0884-2;2022-04-21;41936,48
CT-0884-2;2024-12-20;43239,07
CT-0884-2;2024-09-09;38702,02
CT-0885-1;2023-03-25;25750,99
CT-0886-1;2023-05-06;46069,97
CT-0886-1;2023-01-17;61878,45
CT-0891-1;2023-11-15;160018,73
CT-0891-2;2025-03-28;24392,74
CT-0891-2;2024-02-07;20545,55
CT-0891-2;2024-12-25;35317,7
CT-0893-2;2026-07-06;101032,09
CT-0896-1;2025-04-29;71862,29
CT-0899-2;2025-06-27;19806,3
CT-0899-2;2024-02-25;29703,66
CT-0900-1;2025-06-17;33995,63
CT-0901-1;2026-08-02;12114,01
CT-0904-1;2023-11-18;77885,17
CT-0905-1;2025-07-07;305477,15
CT-0907-1;2026-08-29;26081,27
CT-0910-1;2025-03-30;28654,29
CT-0910-1;2024-02-04;61480,96
CT-0910-1;2024-06-25;64651,59
CT-0911-1;2025-11-28;81762,69
CT-0912-2;2022-10-02;62275,72
CT-0912-2;2024-06-12;81400,67
CT-0912-2;2025-07-19;51138,78
CT-0914-1;2025-01-23;309651,43
CT-0914-2;2023-05-11;544339,98
CT-0918-1;2025-08-04;45224,91
CT-0918-1;2024-10-10;68950,15
CT-0918-1;2025-11-21;130162,78
CT-0920-1;2024-08-28;119548,44
CT-0920-1;2026-06-30;87345,17
CT-0920-1;2024-01-31;100622,2
CT-0923-1;2024-02-18;61359,92
CT-0923-2;2022-09-12;17435,15
CT-0923-2;2022-11-05;16881,91
CT-0925-1;2024-09-16;10626,15
CT-0926-1;2025-11-13;129220,83
CT-0926-1;2024-10-07;101267,86
CT-0926-1;2026-01-02;172048,88
CT-0927-1;2025-09-10;622331,91
CT-0930-2;2023-12-27;443847,94
CT-0931-1;2023-03-24;90867,34
CT-0932-1;2025-09-25;332320,51
CT-0932-1;2023-02-06;455859,76
CT-0932-1;2025-06-25;468494,33
CT-0936-1;2025-08-02;220559,83
CT-0936-2;2024-03-07;36456,97
CT-0937-2;2024-10-26;46845,34
CT-0937-2;2024-08-10;119053,04
CT-0937-2;2024-03-26;92353,33
CT-0939-1;2025-11-27;290973,18
CT-0942-1;2025-01-16;132745,11
CT-0942-1;2024-06-25;137252,11
CT-0944-1;2024-02-01;20213,51
CT-0944-1;2024-09-16;40064,16
CT-0944-1;2026-04-17;36430,85
CT-0945-1;2026-03-01;41770,36
CT-0945-1;2022-11-20;56826,71
CT-0947-1;2023-01-07;19622,71
CT-0947-1;2023-09-30;28359,13
CT-0947-1;2023-07-30;20996,33
CT-0951-1;2026-05-25;19196,98
CT-0952-1;2025-07-18;53306,87
CT-0952-1;2026-02-15;47167,44
CT-0953-1;2026-05-12;111409,07
CT-0953-1;2026-06-20;167830,97
CT-0954-1;2025-08-17;341103,07
CT-0954-1;2023-08-05;482677,81
CT-0954-1;2025-03-04;258641,82
CT-0956-1;2023-11-24;97868,04
CT-0958-1;2022-06-22;29656,82
CT-0960-1;2024-12-29;1009657,59
CT-0961-1;2023-02-18;24484,22
CT-0961-1;2024-03-06;32373,01
CT-0961-2;2026-02-11;13395,23
CT-0966-1;2023-05-12;856192,64
CT-0966-1;2026-05-23;562360,63
CT-0966-2;2026-06-27;1391453,32
CT-0968-1;2025-02-20;13872,34
CT-0968-1;2024-12-07;27523,52
CT-0968-1;2024-05-29;31296,49
CT-0969-1;2023-12-05;21123,44
CT-0969-1;2023-10-05;19705,21
CT-0969-2;2026-01-31;29611,62
CT-0971-1;2022-02-25;520391,17
CT-0971-2;2024-06-09;814285,07
CT-0971-2;2022-05-18;516363,74
CT-0971-2;2025-10-12;806333,62
CT-0976-1;2025-11-04;58337,09
CT-0977-1;2024-03-16;78248,61
CT-0977-1;2024-11-27;104244,37
CT-0977-1;2024-04-17;171163,3
CT-0978-1;2023-09-18;253838,41
CT-0979-1;2022-03-25;18784,83
CT-0979-1;2022-09-29;27447,48
CT-0979-1;2022-09-16;47489,16
CT-0981-1;2023-11-27;20922,95
CT-0981-1;2024-07-14;26061,5
CT-0982-1;2025-04-04;823349,26
CT-0982-1;2023-03-09;455500,21
CT-0983-1;2025-11-12;15343,23
CT-0983-1;2025-12-24;8990,55
CT-0984-1;2023-11-12;78754,16
CT-0985-1;2025-08-28;169159,33
CT-0985-2;2026-08-11;43758,8
CT-0985-2;2022-10-26;50654,37
CT-0985-2;2026-07-28;37559,85
CT-0986-1;2023-09-08;157334,06
CT-0986-1;2023-01-10;150320,15
CT-0987-1;2022-03-07;40322,64
CT-0988-1;2023-09-19;37155,21
CT-0994-1;2026-06-11;117867,41
CT-0994-1;2026-06-22;178042,21
CT-0994-1;2023-03-20;152410,18
CT-0995-1;2025-03-16;157852,42
CT-0995-1;2023-10-23;94711,17
CT-0995-1;2023-12-14;93079,04
CT-0996-1;2025-07-25;8598,32
CT-0996-1;2025-07-05;9912,79
CT-0996-1;2025-11-23;6223,07
CT-0998-1;2024-11-19;241507,11
CT-0998-2;2023-11-13;37706,96
CT-0998-2;2025-09-18;96086,95
CT-0998-2;2026-05-11;95095,14
CT-1002-1;2026-06-26;241134,46
CT-1002-1;2025-03-20;115018,58
CT-1002-1;2025-04-16;294562,39
CT-1003-1;2023-09-23;20337,79
CT-1003-1;2024-07-10;14889,17
CT-1003-1;2024-10-25;15323,94
CT-1004-1;2024-12-22;10069,53
CT-1004-1;2026-03-17;8906,96
CT-1004-2;2025-07-09;10929,61
CT-1004-2;2023-04-07;11563,37
CT-1008-1;2025-04-09;123081,23
CT-1008-1;2026-06-09;189449,38
CT-1008-1;2023-12-11;163481,02
CT-1011-1;2022-10-23;100345,92
CT-1017-1;2026-03-18;1779792,72
CT-1017-1;2025-02-13;1595487,16
CT-1020-1;2025-08-19;81726,82
CT-1021-1;2025-09-01;48096,92
CT-1026-1;2022-07-08;109306,44
CT-1028-1;2024-11-18;17838,52
CT-1033-1;2024-01-28;36600,48
CT-1033-1;2023-02-28;50503,0
CT-1035-1;2023-07-24;43989,82
CT-1035-1;2025-09-21;28752,66
CT-1035-1;2023-06-17;43764,1
CT-1036-1;2023-11-28;176027,15
CT-1037-1;2022-08-15;104875,91
CT-1037-2;2023-03-10;319639,27
CT-1038-1;2024-06-09;29461,1
CT-1038-1;2025-08-24;33186,46
CT-1040-1;2022-11-01;103983,48
CT-1043-1;2024-08-05;32690,17
CT-1043-1;2026-06-09;27839,69
CT-1045-1;2023-04-30;27617,47
CT-1045-1;2026-01-09;24383,53
CT-1045-1;2023-11-27;27650,04
CT-1048-1;2023-07-19;117451,5
CT-1050-1;2022-05-25;42731,49
CT-1057-1;2023-01-16;72850,12
CT-1059-1;2024-07-21;294028,6
CT-1060-1;2023-12-17;665183,38
CT-1063-1;2026-08-15;20180,15
CT-1063-1;2022-06-08;37804,62
CT-1063-2;2025-08-08;34901,79
CT-1064-1;2022-12-09;97258,69
CT-1064-2;2026-05-20;50406,04
CT-1066-1;2026-07-22;84060,51
CT-1066-1;2025-09-26;105449,13
CT-1069-1;2023-04-07;370798,96
CT-1069-1;2025-04-01;292490,77
CT-1070-1;2024-09-02;60024,36
CT-1071-1;2023-05-11;57857,39
CT-1071-1;2022-11-08;24520,19
CT-1071-1;2024-08-08;73599,73
CT-1071-2;2022-08-29;218655,51
CT-1072-1;2025-03-29;24134,25
CT-1072-1;2022-12-29;22853,55
CT-1072-1;2023-03-16;17875,73
CT-1077-1;2023-08-18;608110,18
CT-1077-1;2024-02-09;612140,44
CT-1079-1;2026-04-14;108419,79
CT-1081-1;2023-10-27;76070,75
CT-1081-1;2026-01-03;89283,92
CT-1082-1;2023-04-27;81557,76
CT-1083-1;2025-11-16;62008,49
CT-1084-1;2025-09-10;66213,19
CT-1085-1;2022-05-24;7211,28
CT-1087-1;2022-10-20;118963,22
CT-1087-1;2026-05-17;191241,77
CT-1087-1;2026-01-04;110989,21
CT-1089-1;2025-03-21;1152446,81
CT-1090-1;2023-10-11;598627,16
CT-1090-1;2025-05-09;1043268,93
CT-1090-1;2023-04-16;1423119,6
CT-1091-1;2023-07-01;88298,36
CT-1094-1;2025-02-07;268700,19
CT-1094-1;2022-03-11;258247,12
CT-1094-1;2023-03-04;131315,4
CT-1096-1;2024-03-07;5862721,21
CT-1099-1;2026-03-27;49917,01
CT-1099-1;2026-02-12;20247,26
CT-1100-1;2024-01-16;28764,78
CT-1100-1;2023-02-10;69180,02
CT-1104-1;2022-12-31;28786,37
CT-1107-1;2025-02-10;43953,26
CT-1107-1;2024-06-23;60393,61
CT-1107-1;2024-03-26;120484,5
CT-1108-1;2025-01-13;65181,8
CT-1108-1;2024-01-13;49647,23
CT-1109-1;2025-07-03;46702,5
CT-1110-1;2022-11-10;30210,54
CT-1110-1;2025-08-27;31951,26
CT-1110-1;2025-09-14;19275,29
CT-1110-2;2024-05-01;35378,22
CT-1110-2;2023-05-23;14533,98
CT-1112-1;2025-10-28;310785,64
CT-1113-1;2023-07-05;397275,39
CT-1113-1;2022-09-15;299003,03
CT-1113-1;2022-11-27;222662,3
CT-1114-1;2022-05-24;32036,23
CT-1114-1;2025-09-13;20359,91
CT-1115-1;2026-03-24;11877,47
CT-1115-1;2024-11-10;17207,46
CT-1117-1;2023-12-26;248649,56
CT-1118-1;2023-06-21;37188,05
CT-1118-1;2023-11-19;37564,08
CT-1119-1;2022-12-16;48200,66
CT-1121-1;2026-07-30;30052,68
CT-1129-1;2026-01-23;442354,8
CT-1132-1;2026-02-01;43979,2
CT-1136-1;2025-02-26;42759,5
CT-1137-1;2024-11-24;1562057,33
CT-1138-1;2026-01-12;47579,51
CT-1142-2;2023-11-11;80754,77
CT-1143-1;2024-01-15;66046,14
CT-1143-1;2023-03-19;52715,04
CT-1143-1;2025-05-03;85214,77
CT-1146-1;2022-12-22;39711,62
CT-1150-1;2023-08-16;471849,87
CT-1151-1;2023-12-03;32103,24
CT-1151-1;2025-09-11;27482,73
CT-1151-1;2025-01-30;34401,54
CT-1152-2;2025-06-22;92963,11
CT-1152-2;2026-03-15;70171,01
CT-1154-1;2022-10-31;12708,67
CT-1154-1;2025-01-18;17706,07
CT-1158-2;2025-07-22;18861,99
CT-1161-1;2024-12-17;136217,94
CT-1163-1;2022-03-06;26780,43
CT-1166-1;2023-08-05;76196,58
CT-1166-1;2026-02-25;32529,37
CT-1166-1;2023-10-06;47113,26
CT-1166-2;2023-01-23;76247,78
CT-1174-1;2026-01-26;720613,83
CT-1176-1;2023-04-06;115349,95
CT-1177-1;2025-04-12;127874,3
CT-1177-1;2026-07-29;64827,94
CT-1178-2;2023-09-24;34945,61
CT-1184-1;2025-12-25;283229,76
CT-1185-1;2025-04-03;28870,3
CT-1185-1;2025-04-20;62215,51
CT-1188-1;2025-09-27;65592,86
CT-1189-1;2022-11-05;76425,3
CT-1191-1;2022-08-07;119568,99
CT-1192-1;2023-09-23;396712,32
CT-1192-1;2025-03-27;362911,54
CT-1192-2;2026-01-25;248570,59
CT-1194-1;2023-08-23;33480,84
CT-1195-1;2026-05-25;47639,77
CT-1195-1;2026-08-02;64052,38
CT-1197-2;2023-12-12;127652,1
CT-1197-2;2024-01-22;87978,78
CT-1198-1;2022-07-06;13529,43
CT-1198-1;2022-07-02;23543,01
CT-1198-1;2026-01-04;22626,33
